2138255528,Wide Awake,Sickboyz
2141167217,Nostalgia,Dropper Vampire
2136939148,You're With Somebody Else,"Sazu, J4CKO, Baiden Holland"
2137900613,Awaken,"Vermilion, Fazzi, Aloma Steele"
2135376380,Heaven Again,"Wurme, Marc Rain, Jetason"
2139382210,Find My Way,Jay Ocean
2135580778,Make This Right,PARADAY
2130633202,I'll Be There,"Azee, Josua Müller"
2133427346,Shipwreck,Rocket Start
2134694344,Take Our Time,"Young Dumbs, 4nzek"
2135373199,Be There,"jav3x, Donna Tella"
2119957415,Ghost Of You,"Aye Bay, ELLE"
2135373197,Kinetic Streams,"Celestial Void, Lonehaven, Hylia"
2122491350,Never Without You,xoxodubstep
2118296886,You Don't,We Rose
2125997311,Test (feat. Saysha) (Vitalz Remix),"Kaptivate, Vitalz, Saysha"
2124551127,First Love (Nūves Remix),Eric Dale
2132285922,Hideaway,"Kenny Pham, Opi"
2129089777,Honest,"AVELLO, Madeline Austin"
2126890767,Yesterday,Insko
2127269873,Reconnect,"modus., QORA"
2126046887,Shadows,"LÊ IZNER, KRANEZ, Simone Elisa"
2130475996,Memories,NOTSOSW33T
2130203957,Into The Flames,"Lost Soul, Young Viridii"
2122485259,Stay (feat. Trella) (Afinity Remix),"William Black, Trella"
2129971559,Poetry (feat. Liam Geddes),"yetep, Liam Geddes"
2124296780,Save Me (feat. Purnama Saputra),"XDITZ, Purnama Saputra"
2109904709,The Liar,Autumn Skeyes
2124280392,Anymore,"Smiles Only, Alecs"
2123120543,Way For Us,yetep
2115848303,Stars,Jay Ocean
2100993357,Take It Back,"Fairlane, Silverstein"
2117462118,Away From Here,Kenny Pham
2109047387,Glow In The Dark,"Kai Wachi, Trella"
2108395213,Azure Step,Synthion
2098817141,Through The Night,"J4CKO, Baiden Holland"
2097923170,The Other Side,"KYRIPH, Klara Tiselj"
2106598956,Another Dimension,"Ember, Sara Benyo"
2720259057,Isolated,Hxmir
2716916435,Feel Okay (feat. Jaime Deraz),"kalen., Jaime Deraz"
2721594917,Numb,KRUS3
2722485569,NO BROKE BOYS (LUMINATE REMIX),Luminate
2714902977,First,Flame3721
2714146939,Heal me,Samfony
2722108981,Walk On Water (NiteVzn Remix),nitevzn
2722117605,JUICE WRLD - I'm Still (ELUSID Remix),ELUSID
2716771149,Sad Songs [Sped Up],"Stardust, TobeyBeats, Taca Music, Laryssa Vachon, Nightcore Star"
2717113467,Not Living For You [Sped Up],"Stardust, Tom Platts, EM, Nightcore Star"
2713426119,風の歌,"Milky Knight, Hilarity Leap Records, 维度坍缩, 逃离记录Exit Records"
2719782583,坦,Shaw_Tyan
2716340451,That's What You Get,"Valorian, K-WOOZY"
2719625313,Eternity (Astroden Remix),"Tretone, Astroden"
2709020470,Hate You More,"H4RRIS, Aaron Shirk, Nicole Apollonio"
2716403244,Underground,"SPIRIT LINK, JFrank"
2701531493,Dive Deep,"Dallas Rodin, Paper Skies"
2707273896,Show Me,"Big Gigantic, Koastle, Emilia Ali"
2707212020,All Or Nothing,All Bright
2717320725,あたらよ-また夏を追う（WilliamHenRy remix）,WilliamHenRy
2705656003,How Do You Feel?,KilganoN
2717395358,Born For This,"Spaceport Records, Aou, CATCHTAIL"
2717146421,反复记号（颜辰鑫 Remix）,"颜辰鑫, 李昊天VastSky"
2713605559,Lately,Brennan Wolf
2713879563,sometimes - ARAYA Remix,"Heather Sommer, Araya"
2711378976,Same But Different (feat. Emily Esthela),"Areeb Mahmood, Emily Esthela"
2711379713,I'm Alive (feat. sadie elisabeth),"Areeb Mahmood, sadie elisabeth"
2714642777,Everything We've Been Through,"Nightsirens, Lost Ashes"
2717236032,Sawanohiroyuki[nZk] - Call Of Silence (feat. Gemie) (Spear Remix),Spear
2692281855,Mustang Baby (Vanic Remix),Vanic
2713634770,Don't Lie,LHP Unicorn
2713637357,Want you to go,LHP Unicorn
2713637356,Ethereal,LHP Unicorn
2713634764,What to Do,LHP Unicorn
2709260267,There For You,"Kai Wachi, Isaac Mather"
2700298844,Never Looking Back,Spear
2711664258,Fantasy,MELODEEZZZZ
2652509480,All We've Done,Tendrix
2714790917,Brave Enough,"AUXIMITY, Outertone"
2714776332,"Trippie Redd, PARTYNEXTDOOR - Excitement (Vodenik Remix)",Vodenik
2714363694,Every Lonely Nights,"Sean Ven, BlessU"
2714301575,Rewrite The Stars（WilliamHenRy remix）,WilliamHenRy
2663748739,melodic dubstep,Love music play
2682503977,Ascendent Embers,Munai
2682504779,Aurora's Ascent,Munai
2682504782,Euphoria Divergence,Munai
2682503984,Radiant Riptide,Munai
2682504789,Solstice Resonance,Munai
2682503987,Starfall Lullaby,Munai
2710013202,Echoes of the Heart,MON+
2710013204,Echoes of the Heart+,MON+
2675270164,On The Break of Dawn,lofi star
2675269358,When the Magic Dies,lofi star
2675269359,COLD HEART,lofi star
2671907605,Hold On Me V2,lofi star
2671907607,Whiplash,lofi star
2671907609,Nostalgia,lofi star
2669659967,Awakening,lofi star
2669659968,Into the Unknown V2,lofi star
2709850650,梦想像风,"杨绾琦, 致命节奏（Deadly Rhythm）"
2691369029,Energetic,致命节奏（Deadly Rhythm）
2689216746,铁血骄傲,致命节奏（Deadly Rhythm）
2704065912,Serendipity,致命节奏（Deadly Rhythm）
2704065139,Iridescent,致命节奏（Deadly Rhythm）
2704066087,Solitude,致命节奏（Deadly Rhythm）
2704068192,Limerence,致命节奏（Deadly Rhythm）
2691741212,Scared to Be Lonely,"Sazu, UNDY"
2703361231,DEEP END,"ARKIIN, Xyan, Michael Swank"
2712032517,旷野星芒,"Sean Ven, 幺幺hao"
2712670204,Eternal Scars,"JYOTIN, Saw2Win"
2709429910,Fallen Crisis,"JYOTIN, Nightcore"
2691058774,2030,"Alarc, Morva, Destiny Hooks"
2704334917,You & I,Nick Wynn
2709025566,Children,Adam Pearce
2701360202,Do Better,SPIRIT LINK
2700629941,All That Matters (Coco Tundra Remix),"SOUND BANDIT, Algo At All, Coco Tundra"
2700629937,Friends Can Change The World,"TCB, QOOG, Evr!, Silvery SKY, GrieferPig, Dauntless Dan, Aventrix, Tw3Lv3"
2700629012,Pray For The Scene,"Trey Husk, SpinScissor"
2707620537,Led Me To Your Side,"DRECHO, Lexi Scatena"
2711538605,Fading Into Power (VIP),"JYOTIN, Saw2Win"
2703805936,Don't Think About You,The Ascendant
2709360590,Shadow (feat. Megan Cross),"Zioz, Megan Cross"
2706246239,All I Knew,ADT
2701003945,Down,"R.Y.B, Approaching Jupiter, Emme"
2709771223,镌刻 (B X E & _Warpcore_Remix),"Beviteng Electron, Oops Guess, _Warpcore_"
2709524488,reminiscence (feat.初音ミク),R7CKY
2710536572,Just A Moment,Sean Ven
2706877340,PULSE OF THE NIGHT,Drowning Soul
2710196071,We Will Rise 伴奏,Sean Ven
2704779891,Atlas,Dante Levo
2690944674,Fate,Rareno
2706510025,Faded & Forgotten,Atlux
2707255962,Runaway,JYXthree9
2703117519,Deeping Fall,"RBF, 黄文鹤"
2704938454,Blinded By Lights,"Acer Vantes, Golden Goddess, Golden Angels"
2699830711,Northern Star,"KEPIK, Elude, Luma"
2709751111,Sandstorm (Dubstep Version) - Darude Sandstorm Dubstep Remix,Mox Jade
2709262078,You're Not Around,Pushing Daizies
2709259840,Save My Life,"Caslow, Elude, Vanthe, L8NCY"
2709253987,Wounds,"OMAS, Andy Kautz, Wisner"
2709253760,Sober,"Stoutty, Billy Wales"
2705307564,Desperation,"_Warpcore_, ChronFlux RECORDS"
2703410820,Won't you leave behind,"Hazky, 三浦ひな子, Wood Cherry"
2707589695,introduction,JAMES.C
2704701620,Beg You To Stay (VIP MIX),"Blue Violets, Ali Schwartz, Euphoria"
2699500930,T R A N S F O R M E R S,"Bob Hou, Fros7novA, 2088 RECORDS"
2707535673,R E S T,"RAI, 2088 RECORDS"
2705055588,Equanimity,"Graded Buffalo, M2K Records"
2691031743,Like Fire,"Biometrix, Immy Odon, Apollo On The Run"
2676287731,Early Spring,Wayne Ryan H
2707713540,Ordinary (GhostDragon Remix),GhostDragon
2692578881,Here's To Hope,"Orlost, Undefynd, RUNN"
2707142918,夜游,"树某懒zyjOXO, ΓИ7AL, ArrAy-P"
2707141903,Tidal Lock,Depus
2707142913,Parallel,Soyce
2707202697,The Girl I Knew,"Yinger Liam, Red ZeroOne, SADRECORDS"
2707141899,SOUL SHARDS,"Akiuta, Shaw_Tyan, _Untitled"
2698511787,Beneath The Deep Cold Water,"KOIH, Sierra Annie"
2696072296,You & Me Stargazing,zjaxu
2668078746,Kesenaide (feat. Eri),"Yonetro, ERI"
2702747518,Are You Happy Now (feat. Linney) (Highlnd Remix),"SABAI, Linney, Highlnd"
2692197817,PULSE,"AVELLO, Nomis.Wav"
2706593782,The Kid LAROI - Love Again (ELUSID Remix),ELUSID
2706594083,Reminisce (Nao Remix),Nao
2706590684,Jealous (Skies Apart Remix),Skies Apart
2704124954,Fall Apart [Sped Up],"Nightcore Star, Sazu, UNDY, Stardust"
2706333862,Silence of Violence (NURKO Remix),NURKO
2702760423,Blood Circuit,"JYOTIN, Bass Boost"
2705661923,One Last Kiss,Obvsidian
2704184498,Not Too Stressed Now,"NOTSOSW33T, Young Presley"
2674840408,Skyward Memories,"PHONO RECORDS, トリルp"
2705488762,珩,"トリルp, Vencent, 2088 RECORDS"
2705655250,Waiting For You,Sean Ven
2705404487,Whispers in the Void,"JYOTIN, Saw2Win"
2705404486,Fading Into Power,"JYOTIN, Saw2Win"
2705263612,In My Arms,"ILLENIUM, HAYLA"
2702589781,OBLIVION,"LEGIONSOUND, Suzu"
2685968249,Never Letting Go,Hevian
2685772532,Not Over You Yet,Flöte
2696501713,Of My Soul,"Au5, Psyuri"
2704900253,lyrah - meet me at the bottom (avello remix) [clip],AVELLO
2704899474,"ILLENIUM, TWLGHT, ELUSID, Luminate, Excision, PhaseOne, Perry Wayne, Audrion, Kanye West, Layz, RZRKT - FEEL SOMETHING (ELUSID Mashup)",ELUSID
2679604414,Other Side,"Seirén, TrebleTina, UNDY"
2688774151,State of Mind,Garrin Mater
2658637856,Space In Time,FIXION
2704124953,Daydreamer [Slowed + Reverb],"Nightcore Star, Joshua Myler, Stardust"
2674500778,Feelings Of Calm,Lonely Fun
2700619328,COLDFIRE,KENØK
2700629234,Zero Mercy,"JYOTIN, Bass Boost"
2703058692,Vision And Colour,"ACTING, DJ Luckyman"
2702285652,Rebirth (Morva Remix),Morva
2685698403,All Over Me,Mannick
2697783181,恒星风（Feat.乐正绫）,"乐正绫, Atsuko, 林墨白citrum"
2700159811,IDK (Used To This),"Koldera, Zack Gray"
2692626334,DiE4u (feat. BVLVNCE),"Thornz, BVLVNCE"
2685985201,Back To The Stars,Lonely Fun
2685965951,Save Me,"Alex Cordon, Emvis, Elvya"
2694922515,Hold me close,Swole Sauce
2693642744,Who You Are,"Andy Kautz, 3thos, Cora"
2699679006,Always Have Me,"Bllaine, KELIZA"
2702748364,Waiting On This Day Forever,"William Black, Siberia, Freja The Dragon"
2695026609,One Night,"STAR SEED, N3WPORT, Micah Martin"
2681735249,Lose It,Echo Drone
2698928288,Live Your Life [Slowed + Reverb],"Slowed Star, Karim, Amitav, Stardust"
2702285682,NIGHTLIGHT (ZEPHYS REMIX),Zephys
2687903702,Only Ones,"Lost Wolves, ShockLine, NVVER"
2702011601,Vision And Colour【Feat.粉丝独白Live】,"ACTING, DJ Luckyman"
2698570174,Be Free [Sped Up],"Nightcore Star, PRIYANX, Aurorah, Stardust"
2685984632,My Last Day,"Aaron Fong, Baiden Holland"
2685982085,Kaahani,FUTURE FREQUENCIES
2697171320,All I Knew Was You,Beyond Magic
2697167567,All My Love,Beyond Magic
2697879935,DONTTRUSTME,Luci
2698863481,Too Loud,"Owtlet, Kenny Pham, Bass Boost"
2698071766,With Someone,"Valorian, Rabadon, Lili Mckellar"
2696201537,In My Head,ROY KNOX
2689592365,Out Of The Grave,King of None
2695056192,Fragments,"SPIRIT LINK, Malin Horsevik"
2700421303,焚蝶,Aurora Sky
2699930940,Waiting for You (_Warpcore_ Remix),"Beviteng Electron, _Warpcore_"
2699441042,Beyond The Stars,"_Warpcore_, 青焰-LD, South.Rcrds"
2699635547,Salvation (JY Railway Remix),"CiAirV, JY Railway, 洛天依Official"
2699634679,Salvation (STRlighT Remix),"CiAirV, STRlighT, 洛天依Official"
2688043397,Ambrosia (Rival Remix),YMIR
2679491294,Dive Into Stars,Miyfug
2671642577,Just A Story,EOTW433
2671642570,Dream Melody,CEKONG
2699967123,Oxygen,"LeoMusic-Effect, Soaring Records"
2699935340,Feel Good (feat. Daya) (Atomic Remix),Atomic
2699932822,This Is Me Letting You Go (Atomic Edit),Atomic
2699932851,Dabin - Not Enough (feat. Stephanie Poetri) (Atomic Remix),Atomic
2698540689,Stay [Slowed + Reverb],"Slowed Star, Aervne, Stardust"
2689266784,Stay [Sped Up],"Nightcore Star, Aervne, Stardust"
2698542560,I'll Be There [Slowed + Reverb],"Slowed Star, Wood Cherry, GLNNA, Stardust"
2679128992,灯塔巷,猎豹游戏-Cheetah Mobile Games
2674499980,Never Let Me Go,Hevian
2698752253,アベレヰジ (feat. あいの),"Shü, あいの"
2698745140,永遠の声 (feat. 音羽ことり。),"Rabbit House, 音羽ことり。"
2698745141,Lycoris (Instrumental),Mwk
2698745143,永遠の声 (Instrumental),Rabbit House
2697631125,Calling,"Guri7, Wood Cherry"
2691351381,Falling Star,"Nightcore, Juvi Sky"
2691351379,Sleepwalking,"Nightcore, Juvi Sky"
2699333590,Borderline (feat. EMELINE) (NEON & Skynap Remix),"NEON, Skynap, RL Grime, montell2099"
2699331821,Last Call,"Cyberpunk, Violyt"
2699333587,MXNH Tonal Atmospheres Vol. 1 DEMO,Mxnh
2699333458,Anyma - Hypnotized (feat. Ellie Goulding) (OWTLET Remix),"Anyma, Owtlet"
2699333404,Fight For You,Ickellmo Luft
2699331579,"Seven Lions, Wooli, Amidy, Jason Ross, Blastoyz, Zeds Dead, Perry Wayne - Shadows (ELUSID Mashup)",ELUSID
2699331565,What if Seven Lions b2b ILLENIUM b2b Dabin b2b SLANDER (LUMINATE Mega Mashup),Luminate
2699331410,NEVER LETTING GO,"Harvest, Acer Vantes"
2699331262,Blank Space X Don't Look Down X Just A Dream (Karmaxis Mashup),Karmaxis
2699297664,Hoodie Allen - No Interruption (Galena Crew Remix),Galena Crew
2699295129,Leave Me Waiting x Farwell x Collide (Karmaxis Mashup),Karmaxis
2699295126,Free Fall x If The World Was Ending (Karmaxis Mashup),Karmaxis
2699295113,Haven x Freesol x Mirror [WAYWHEN MASHUP],WAYWHEN
2699294530,Besides Hope (Sped Up),Miles Away VIP
2699099027,Project Xanadu,Salty Salt
2698614828,Daydream,"Fuy1Nya, Hikari, _Warpcore_"
2697302381,Chasing Stars,"浩林Hali, 漩涡唱片丨Vortexn Records"
2697302379,その時の間に星を摘む,"Yogurit, _Warpcore_, 漩涡唱片丨Vortexn Records"
2698800132,Heal Me,"CREAM, Pure 100%"
2652546769,Runaway,"dreamr., Outside Line, cmplete strngr, Daye"
2698802669,Was You,Echo Horizon
2698791238,24K Magic (Franky Nuts Remix),Franky Nuts
2698486317,Light,Marc Leo
2696318171,Corrupting Heart,"RUBOX_, 星尘纪之声"
2692062340,Moonlight,"TrisTunez, KRLYK"
2674500747,Stay,"Alex Cordon, CO1N"
2693283827,Fairy Tale (Tong Hua) (feat. Bodokun),"KEPIK, Bodokun"
2690422298,Don't Look Down,"Aaron Shirk, Nicole Apollonio"
2685570109,Lost In My Mind,"Hidden Axis, glasscat"
2688350004,Sunshine,"Seven Lions, Wooli, Vargen"
2698397121,Perfect Storm,"HASHBBC, ACHINX"
2698388627,Days of Flowers,Electric Dad
2698390261,BLESSING!!,lillybug
2687874909,Show Me The Light,"NLEX, FreeMusicWave"
2690426689,See You Again,"Orlost, Undefynd, Donna Tella"
2682644926,Last Chance,"Tarrow, S'moores"
2669448897,Lights,Tarrow
2697340410,Back to Life,Juicestep
2674500704,Lonely Night,LegendShadow
2682518691,Restart,The_ECERDR
2694785326,SKy,Cflyy
2696784543,Mirai Torei,LoveChika
2691358985,Tell Me,"EMLwc, XDR-C"
2695275242,Rehnuma,"Satyam Badapanda, Skkai, ARMETIC"
2682129490,Eternal,"Lexay, STOKLA"
2692619316,Final Line (feat. Megan Cross),"Zioz, Megan Cross"
2664837548,Revenants,LHP Unicorn
2696173496,Beautiful Creatures (LHP Unicorn Remix),LHP Unicorn
2696081712,Hold your heart,ENIX
2688934926,tyranny_falls,Animadrop
2695701276,In The End (LHP Unicorn Remix),LHP Unicorn
2693098766,Worth It (8D Audio),"8D To The Moon, 8D Tunes, 8D Audio, RITIX, Zoe Fox"
2674500885,Where Do We Go,Fairist
2688631047,Agony,Zandros
2695450539,Remnant,NTRPY
2688014221,Wait For Me,SPIRIT LINK
2686104555,Never Be The Same,"Astraye, SNOWFYRE, Haley Maze"
2696071766,Hellfire Bass,"JYOTIN, Saw2Win"
2690934839,Elysium (feat. Ziv Shalev),"Brock B, Ziv Shalev"
2688790412,Bury You (VIP),"Cloudy Parallels, TIFFVNY, Elle Vee"
2687109525,Show You What You Love,CHYL
2668476763,Honest,"Dvrkcloud, Dianna"
2684389355,Scatter,"Adam Jasim, Noya, Hylia"
2690359996,While I Was Lost,"Danny Olson, Miles Away"
2652509454,Till I Die,Tendrix
2692557264,Constellation,"Dabin, FRND"
2692557055,Deepest Water (feat. Syd Taylor),"Dabin, Syd Taylor"
2692557266,Nothing At All,"Dabin, Grabbitz"
2692557268,Summer's Gone,"Dabin, FrostTop, Tiffany Day"
2692557058,Photographs (feat. nokio),"Dabin, Nokio"
2689590095,Best Of Me (Tarrow Remix),"Sketch Muzic, Donna Tella, Tarrow"
2685234611,Different Places,"Bllaine, Tark, Jaime Deraz"
2694500681,You Even Notice Me,Bumpÿ
2670373612,Farewell,Hoper-Z
2670352349,Real World,Hoper-Z
2670351598,Waiting For You,Hoper-Z
2670364502,Don't Leave Me,Hoper-Z
2670351482,colourful,Hoper-Z
2695615284,What If (Atomic Remix),Atomic
2695610765,Harmony,Spear
2695608604,Too Far Gone,TimZz
2695598451,VOLTAGE (Anki Bootleg Remix),Anki
2695543762,LIGHT YEARS (AVELLO REMIX),AVELLO
2695550983,Rock With You x Worlds Away (Johnny Chay Mashup),Johnny Chay
2695543619,Scared to be Lonely (feat. Dua Lipa) (LUMINATE Re-imagined),Luminate
2695547144,Love Incredible Remix (Previously unreleased // Time Capsule series),Adventure Club
2695550749,8 Letters (Spear Remix),Spear
2695554159,when you're gone (acer vantes remix),Acer Vantes
2695540959,I Know Love (Neal Datta Remix),Neal Datta
2695541001,Final Bow (AB5YNTH Remix),"Bao The Whale, AB5YNTH"
2695554431,Ill sleep while you drive (Philtered Remix),Philtered
2695551089,FINDING SILENCE (ELUSID MASHUP),ELUSID
2695551071,Find Our Way x Good Things Fall Apart (Kaleidos Mashup),Kaleidos
2695550640,Long Ways Away (TWLGHT 2025 Outro Edit),TWLGHT
2695547015,Ma Meilleure Ennemie (feat. Coldplay) (NateRider Remix),NateRider
2695547004,Next To You (VIP),"Excision, AMIDY"
2690953794,If U Think I'm Pretty,"JB RICKY, Dark Mage"
2684747277,Vertigo,"Renn, Kelsey Ray"
2694028172,Buried A Friend,NGHTMRE
2663190306,Morpheus,Silenco
2678087995,Fatal Love,CeRa
2670902134,Designate,CeRa
2670894550,Eclipse,CeRa
2690958465,Runaway,"Chime, Nytrix"
2694851148,Slow Motion (ft. Luma),"Soar, Luma"
2694821410,Above the Water,"Blanke, CADMIUM, Ben Provencial"
2694798270,I See You (Lockbox Remix),Lockbox
2692908513,Northern Lights,SonicLight
2686962485,Let Go,"Giznec, M2K Records"
2693082595,Way To You,Solemn
2674499934,Zombie,Nick Wynn
2674500854,Any Longer,Hevian
2684326070,Home,Ickellmo Luft
2673748214,Lost My Love,MXLAN
2671994837,破惘,"浩林Hali, LinX·Studio"
2687926037,《等待》-Laniakea&Bailck20250316 伴奏,"Laniakea, Bailck"
2687925545,《等待》-Laniakea&Bailck,Laniakea
2687902841,faded（Laniakea remix ）,Laniakea
2686709878,寂静,Laniakea
2679355824,Chronovoid,"Flow3ry, Kamino Yoruneko"
2673454846,f.u.c.k u,SKYLINE
2673131429,Farewell,SKYLINE
2690929618,leaves,萧石零
2661797543,灰烬从森林中归来(Instrumental),萧石零
2689881390,泪雨诗章,"Pike_e, 星尘"
2691382613,我一直都在,"Pike_e, 星尘"
2689734724,距离,Pike_e
2671416224,重燃倾落星 伴奏,星尘
2671414220,重燃倾落星,星尘
2662997194,曾经我也笑靥如花,"Pike_e, 星尘"
2692118419,心做し（hightion remix）,hightion
2686480428,Shadows,"Rival, Treetalk"
2692131610,昭焕,"Luions, PARABOLA, 玲钟乐府, 南韵之声, Albert Records"
2692131609,神韵,"LIVE-F, 玲钟乐府, 南韵之声, Albert Records"
2692131608,此朝乾坤定,"洛天依, 天幕Tiam, 7h3rm, 玲钟乐府, 南韵之声"
2691780988,Are You Ready,"Hazky, Wood Cherry"
2693098146,惊蛰,"PHONO RECORDS, luminate"
2686997286,Everything To Lose,"solus, Reptythm, Outertone"
2660393146,"It's ok, we're ok",TwentyTwo5
2684812270,Hold Onto Me,"Kai Wachi, Aaron Richards"
2692062641,For You,Bugsy
2686681750,Everlasting (feat. Sofuu),"Marnite, Sofuu"
2693043587,Letting Go,"Sparsey, Too Taken"
2684259925,Heart Race,"Chenda, sebabrazy, Hannah Avison"
2687474612,Sanctify (feat. Ben Chaverin),"Neal Datta, Ben Chaverin"
2683156257,Diamonds & Roses,"Worlds Apart, Drowning Soul"
2688988744,DARK ARIA,"CRaymak, Dekerakt"
2688276951,Nothing to Lose,"Adventure Club, Oliverse"
2684768238,Reminisce,"Said The Sky, Taylor Acorn"
2688899921,Good News,Owtlet
2681796484,Shelter,"FAYBL, Xuinn, Micah Martin"
2687908481,YOU,"JOSS, Kenny Pham, KELIZA"
2688322158,the ugly truth,"GhostDragon, Lullaboy"
2688322159,i wish you never loved me,"GhostDragon, MKC, She Is Jules"
2688315151,fragments of us,GhostDragon
2689163193,What If,"Araya, RUNN"
2684054218,Without You,Rezzaie
2684364366,Heat,"Au5, Psyuri"
2659218608,By My Side,"Danzzle, Ryo"
2693007298,Stray Kids - Ultra (Changbin) (DZMA Edit),DZMA
2692968723,Afterlife (feat. Echos) [Vodenik Remix],"ILLENIUM, Vodenik"
2692961504,The Love We Had (feat. Trella) [RYN Remix],RYN
2690883483,Run Away,"No-One CN, SouthernLion南狮电音, 格莱美汇, Taisheng Music"
2692683263,Worlds Away (Subceptron Remix),Subceptron
2672072187,RESET // RESTART (feat. VONTI),"The Broken Skyline, Xuinn, Vonti"
2692665448,My Ever After,TimZz
2692616271,Love Is Gone (ELUSID MASHUP),ELUSID
2692389383,PINK SPRING (Skrillex & Bladee - Real Spring x Chappell Roan - Pink Pony Club JONJEN Remix),JONJEN
2692389456,"Sugar, We're Goin Down x Starlight x Dusk Till Dawn (Karmaxis Mashup)",Karmaxis
2692368641,This Town (Spear Remix),Spear
2690566824,It's Okay,"Sineself, waytides, Luma"
2689266788,Monster [Slowed + Reverb],"Slowed Star, Krustex, Stardust"
2671924819,Monster [Sped Up],"Nightcore Star, Krustex, Stardust"
2689266785,Live Your Life [Sped Up],"Nightcore Star, Karim, Amitav, Stardust"
2690137882,Nandemonaiya [Sped Up],"Nightcore Star, Ericovich, L.Kaison, Stardust"
2692051913,Wish I Could Forget x Light In the Dark x Our Fire (Red Comet Mashup),Red Comet
2692020102,Jusin Bieber - Ghost (Yakumo Remix),YAKUMO
2691976938,How Dare You (Tendrix Remix),Tendrix
2684342269,Do I Wanna Know?,"Pharo, JB RICKY, Dark Mage"
2688135223,I Don't Wanna Fall,"Arci Ardiex, Brianna Luise, Beautiful."
2687983724,Say It To Me,"Perry Wayne, JiLLi"
2690879820,Blazing Heart (Ice Angel Japanese Ver. Remix),Ice Angel
2690879819,Blazing Heart (Ice Angel Remix),Ice Angel
2690859939,极夜 (星尘.ver),R7CKY
2659622956,Bao The Whale - 52 Hearts (R7CKY Remix),R7CKY
2690859907,极夜,R7CKY
2690868558,桂 花 塢,"PHONO RECORDS, 一杯猫头"
2686413815,Will I Ever Reach The End,"Brainheart, Violyt"
2688272392,All I Knew Was You,"GD Cookie, SADRECORDS"
2685870606,Intertwine,"Thomas Vouz, GLNNA"
2676449071,Stargazing (Dubstep Mix),"SashMan, CLARI7Y"
2674499777,Fix Us,"North Wind, Ryo"
2686055122,I'll Find You,"Stay In The Light, Owtlet"
2685107401,Barely Know,Owtlet
2679274325,I Don't Want Anyone,Kaivon
2674499859,Half A World Away,"Mystic Lee, Black Winter, Emily Fox"
2685606515,Peace In The Dawn,"Niira, Anas Sameer, Axell 4X"
2681927163,Darkest Days (feat. Sandra Yvette),"Flöte, Sandra Yvette"
2684329301,I Was Wrong (LazyMario Remix),"Marnite, Whallex, Frostfall Records, LazyMario"
2681266220,Through the Dark,"SLICA, Luma"
2688225598,Reverie,Dimatis
2671784421,Break The Chains,"King of None, Celestial Void"
2671783930,Break The Chains (Instrumental),"King of None, Celestial Void"
2686393129,Now That I Belong,"Areeb Mahmood, Kore"
2686145545,Go Home,SPIRIT LINK
2684643760,Fading Light,Fytch
2690806840,Drug (H4RRIS & Falling North Remix),"H4RRIS, Falling North"
2690875848,"Hans Zimmer, Calvin Harris, Rihanna, Illenium, John Summit - It's Always Been You (ELUSID Mashup)",ELUSID
2690879011,Bullet Gone To Waste,"Waste Of Breath, Goodnight Osaka, Puppet"
2690806858,Heaven x Shivering x Shiver (Karmaxis Mashup),Karmaxis
2676050982,Serene Havoc,XyXa
2681798068,Lost In You,AVELLO
2681985723,Different Ending (feat. Tyler Graves),"Afinity, STAR SEED, Tyler Graves"
2690549290,I See You (Lost Wolves Remix),Lost Wolves
2670388140,Easier On Me,"Puppet, SadBois"
2685615883,Cheap Love,"Lost Wolves, Ryn Kid"
2676713912,No More,"Laus, Hazky, Wood Cherry"
2684346470,Fractured Ties (feat. Alicia Orozco),"Tornicane, Alicia Orozco"
2688156632,Only One Life (feat. 香),"Aine, Wood Cherry, 香"
2689267324,I'll Be There [Sped Up],"Nightcore Star, Wood Cherry, GLNNA, Stardust"
2689267330,Home [Slowed + Reverb],"Slowed Star, Swole Sauce, StaiR, Stardust"
2689267331,Who I Became [Slowed + Reverb],"Slowed Star, OZIA, UNDY, Stardust"
2682834620,Distorted U (Yogurit remix),"Relimax, Awind, 刘佳宜Snow, Yogurit, SADRECORDS"
2682836504,Distorted U (_Warpcore_ Remix),"Relimax, Awind, 刘佳宜Snow, _Warpcore_, SADRECORDS"
2682836503,Distorted U (ALLRAING_G子橙 Remix),"Relimax, Awind, 刘佳宜Snow, ALLRAING_G子橙, SADRECORDS"
2682834615,Distorted U (Z ClaxX Remix),"Relimax, Awind, 刘佳宜Snow, Z ClaxX, SADRECORDS"
2682834614,Distorted U (ilospecter洛岑 Remix),"Relimax, Awind, 刘佳宜Snow, 洛岑, SADRECORDS"
2689877317,Fight,BlessU
2688388908,Inside Out (UNDEFYND & Orlost Remix),"Orlost, Undefynd"
2677453771,Auric Flare,"JYOTIN, Nightcore"
2684046225,Carnage Symphony (single),"JYOTIN, Saw2Win"
2684045688,Chaos Reigns,"JYOTIN, Saw2Win"
2688590972,Definding,"RN11157, _Warpcore_, The Ninth Day Records"
2675140686,Starlight (Slowed),Derpcat
2675139700,Starlight (Sped Up),Derpcat
2675140685,Starlight,Derpcat
2689076293,漱,"Ucixyel, 2088 RECORDS"
2682020497,Memories (Slowed to Perfection),Valorian
2686876887,Stay (Outside Line Remix),"Valorian, Kelsey Ray, Outside Line"
2667143949,My One,KRUS3
2664577736,Blind,The Sun Vanished
2664578680,Faded Love,Tom Silves
2689148538,All Of My Days,ALXNDER
2689025925,Dust from my eye（眼角微尘）,R3d Cat
2678038842,Silver Lining,Nikolas K
2688838790,No Turning Back,"Voyager, Tsketch"
2684432654,What's On Your Mind,"Spitfya, Stedcoat"
2684612920,Eyes Don't Lie,"Dark Mage, JB RICKY, Eyla"
2685758935,Somebody Like You,"H4RRIS, LUX"
2684062930,Badliar (Nightcore),"LazyMario, Nightcore"
2684062929,Without You (Nightcore),"LazyMario, Nightcore"
2680880353,Someone Told Me,"Danzzle, Itsguzman, Unknown N."
2682870618,Mystery,"NOTSOSW33T, Arch, Lacey"
2681077815,Worlds Away,"3thos, Jordan Grace"
2681549783,Dancing In The Flames,"Azee, Donna Tella"
2688042946,Polaris,"HVDES, Figure"
2685976391,请求超时,"CNHKSS, Shaw_Tyan"
2679944786,White Lies (feat. Ollie Wride),"Cyazon, Ollie Wride"
2681936763,Lost In The Moment,"CHPTR., Livingston Crain"
2685570108,halfway in love,"GhostDragon, shXdow."
2686489671,Escape It,Red Comet
2683318892,Monster,"Kenny Pham, kyootbot"
2687124907,Wake Me Up,"Nightsirens, Lost Ashes"
2685944854,Make You Mine,Yllow
2684803071,Artifacts Of A Higher Dimension,"INZO, LSDREAM"
2688758807,you broke me first x In Your Arms (ARMNHMR Remix) [ARMNHMR Edit],ARMNHMR
2683986762,Reverie,"AUXIMITY, Outertone"
2687717186,The Light,"Kaidro, Micah Martin"
2688389795,Journey (Spear Remix),Spear
2685819809,Heavens Gate,Deztro
2686683202,Interstellar,ZHQ
2664178190,You Know,"No Distractions, Tark"
2678355569,All My Life,max & i
2683905182,Illusions,Heuse
2685899270,Dust from My Eyes,"Ailiy, 星尘纪之声"
2678371966,figure all this out!,Keplr
2686649750,apology,"PHONO RECORDS, emyalc"
2686116213,You Don't Want Me,Bumpÿ
2663978251,Sleepless,Swerl
2653026143,What U Want,Sugabb
2675007076,All Over Me,Millient
2681655700,Treading Water,The Ascendant
2686938360,DIE YOUNG (AVELLO Remix),AVELLO
2684057252,Feel This Way,"ADT, Jey Cordz"
2686331913,HELLO 2025,"Shuvuarutsu, Ream雨舒, Soaring Records"
2685776143,Pantheon II (feat. Sarah Herz),"Andrew Bayer, Blastoyz, Feed Me, Jason Ross, Kill The Noise, Last Heroes, Seven Lions, STAR SEED, Trivecta, Sarah Herz"
2679376485,Another Life,"Danny Olson, KnownAsNat"
2651523439,I See U,"WAYWHEN, Josh Paulino"
2675618994,My Last Breath,"Skies Apart, Proud Zombie, Wolfpup"
2679778105,SILENCE,Samfony
2673133233,I'm Sorry,"Dares, E.F LINK"
2681542469,Carry On,"Lost Sky, Anna Yvette"
2670351412,Vegas,RINY
2685638420,Holding On,"Lantara, whoamidesu, Ryo"
2680864070,Happier (feat. Meggie York),"Stryer, Meggie York"
2663550760,Forever,"DJJonathan, GD Cookie"
2684528621,NEW STAR,"ChronFlux RECORDS, CannedPig, i-Snow, Beviteng Electron, Yogurit, MagicM1s1a, CLXXB, 浩林Hali, 空奈, _Warpcore_, Stisaal, M-Cloud Records"
2677619080,Fade Away,"AIRPORTS, Laminar"
2684359772,WonderStruck（OERA Remix）,"PHONO RECORDS, OERA"
2684361466,WonderStruck（Akiuta Remix）,"PHONO RECORDS, Akiuta"
2684359771,WonderStruck（AK-ID Remix）,"PHONO RECORDS, AK-ID"
2679117490,Lies Around Me,LENG CHEK
2684888906,Stay In The Night（Ft.Belle）,Clear Sky
2684854825,Next To Me,learnZmore
2683940264,F A L L I N G,"PoppoOVO, 2088 RECORDS"
2680758932,Sad Addiction,"Star Ocean, SADRECORDS"
2674659272,Requiem of the Stars,Echo Horizon
2675648016,Siren,"NO QVLT, Duke Gray"
2675300155,Flame,"TWSTD ZOO, Lootz, Gracie Van Brunt"
2684581840,Mountain,E7Zxy
2681522205,Fading Out,D I V I N I T Y
2664188638,Lifeline,KOIH
2674505709,I Really Want to Stay at Your House (feat. Seongmin),"kjh, Seongmin, FreeMusicWave"
2684481118,Woke Up in Love (Spear Remix),Spear
2674228135,Lose Your Mind (Danth Remix),"Showtek, ANG, .EXA"
2675703668,Stargazing,YARVII
2664189323,Cold Heart,"JYOTIN, Fathania"
2670412427,Walk Away,"Philip Anticca, Whittzy"
2670410935,Walk Away (Sped Up),"Philip Anticca, Whittzy"
2670412426,Walk Away (Slowed & Reverbed),"Philip Anticca, Whittzy"
2676725781,Harmony,"Tweellve, Danzzle"
2674543327,Nirvana,Rizpect
2683839651,Letting You Go,3eo
2670708418,I'm Lost,Nexoria
2679124907,Lost My Love,Cflyy
2678875833,It's You,"Lost Identities, Onyra"
2675081041,Skyline,"ARNHEMIA, feelzzsleepy"
2673754193,Paper Kites,"Night Sky, Dallas Wilde, TRØVES"
2676693161,Comets,"Mynn, Zack Gray"
2669967536,Take Us Home,SVNCTUARY
2665024835,The Crown (feat. Miyoki),"Renn, Cyrus Gold, Miyoki"
2683243995,Take Your Light (STAR SEED Remix),"HALIENE, NURKO"
2683243997,Take Your Light (Aaron Shirk Remix),"HALIENE, NURKO"
2683244443,Memory Of You (CHPTR. Remix),HALIENE
2683244445,Castles In The Sand (Nikademis Remix),HALIENE
2683243996,Water (Celestial Void Remix),"HALIENE, Kill The Noise"
2684217085,Running (ARAYA Remix),Araya
2683568500,One plus One,Speraymer
2684117901,The Fall,"Bllaine, Daunter, Jaime Deraz"
2669814890,SPECIAL LOADING IN 2025,"絔桎梏, Dave Fantasy, staringrox, PiPinkary, PagodaTreeHW, ZDXSS, 祁若言, Jack Jason, MING Records, LinX·Studio"
2682702663,Only One,"NVLL., K!NG TVT"
2679653056,Lighthouse,"JJD, Azertion, PhiloSofie"
2682886987,Paradigm,"Au5, Psyuri"
2669211535,Home (feat. Natalie Shay),"Cyazon, Natalie Shay"
2683430480,The Wind,"URVØXYK, Void&Chaos"
2670388530,MY SECRET BROTHER,grape milk
2683675393,Nail in the Coffin (ARAYA Remix),"Araya, Rosie Darling, Boy In Space"
2673766812,Waiting For You,Beviteng Electron
2682779218,回信Retter——ChiliChill五周年生贺,"Zipper.Zip, 倾谙p, Nigel, mcxiaoqi, 童夕, 王小献, 山崎修修, 桐原知空, 祝既湘_bing, 十夜书_koe"
2681311115,My Place,DEN-ON-BU、PIKASONIC、nakotanmaru、鳳凰火凛 (CV: 健屋花那)
2681311116,My Place[Instrumental],DEN-ON-BU、PIKASONIC、nakotanmaru、鳳凰火凛 (CV: 健屋花那)
2671634994,Cursed,"Puppet, Keepsake"
2668906409,Like That,"Nick Wynn, Nikolas K"
2682165773,Feel so alive,Nick Wynn
2664189587,The Night (ZALTANNA Remix),"Marvello, ZALTANNA"
2664188649,The Night (RYN Remix),"Marvello, RYN"
2672168367,The Outburst of Hope,learnZmore
2680146971,Verant Glitch Bloom,learnZmore
2682690008,Here For You,Sean Ven
2675196154,stop loving you,dreaming of cali
2659656095,its the way (feat. Akoi),"KAYTOXIK, Akoi"
2674276975,Charming Smile,Kotori
2656251882,All My Love,Beyond Magic
2664188540,Nothing Left,"Rezzaie, H3RØ"
2650847139,Love You Better,Averon
2651169136,Lose U,PRIYANX
2680982125,TIME,"Taiyang, Spicy Potato, Sakura records official樱花记录"
2675264542,Infinity,Mxnh
2677269234,Illusions,"F7M, Exxhy, Akacia"
2679448154,It's Okay (feat. Luma),"Sineself, waytides, Luma"
2678634487,Clouds (feat. Allie Crow),"Brennan Wolf, Allie Crow"
2676697780,forever (want this feeling),"GhostDragon, Alina Renae"
2667906507,All I've Ever Wanted,"STRlighT, Z3NONE, VouRay, domiso_"
2674530337,Wait for Fate,"Araya, Awon, Elle Vee"
2643843506,Red Light,"Rizpect, XDITZ, Raiza"
2679770007,Back To You,Ickellmo Luft
2681427866,Never See Me Again,Fells
2681406159,Hard Part's Over (feat. Page) [HEARTSTRINGS TOUR LIVE VERSION],Hoang
2681135182,花曇り (Z3NONE Remix),Z3NONE
2675975820,Uneven,"Xuinn, Saysha"
2670749348,Oblivion Realm（遗忘之境）,Aurelium
2668761485,Night's Echo 伴奏,Aurelium
2668753688,Night's Echo,Aurelium
2674811494,Eclipse love（蚀爱）,Aurelium
2681019171,LIFE ( _Warpcore_ Bootleg ),_Warpcore_
2680749036,Chasing Stars,Sean Ven
2676049451,Wipe My Sorrow,"QtS, Ethereal Records"
2669885554,Fading Light,Samfony
2679388552,With Me,No-One CN
2679389160,Trapped In Tragedy,"WCRfamfih, 雫凛, ZayE"
2680215396,Echoes of Unspoken Denial,Speraymer
2672656574,Believe In You (feat. Glasscat),"Vince Blais, glasscat"
2674825730,Cigarettes and Hurricanes,"Gasp!, Outertone"
2673896423,Wrong Crowd,Owtlet
2643843507,Running Out Of Time,Jam Focus
2652622663,Requiem of the Stars,Echo Horizon
2672759853,Ascension of the Stars,Echo Horizon
2669885135,Turn It Around,Gabritiaz
2673387661,Missed Call (feat. undy),"Just James, UNDY"
2679705103,Pinnacle Of Desire,"Rllovx, MING Records"
2653333761,Light,Hevian
2673379616,Into You,Neal Datta
2675954018,Down,XAESAR
2670708915,Statelines (feat. Till),"nuves, Till"
2674525810,New Horizons (feat. Trevor Laake),"Twomuch, Trevor Laake"
2679103247,Leaving,"No-One CN, Vultures Records"
2652490430,U & I,Tendrix
2672388655,In The Wind,"Masked Wolf, Jauz"
2671656786,Your Ghost,"SayWeCanFly, Dvrkcloud"
2671108081,Higher (feat. Monika Santucci),"Awon, Stryer, Monika Santucci"
2670832569,Sweet Escape,"Flöte, Ember, Lexi Scatena"
2677285623,Rise (JerScO Remix),"MVSE, Casey Cook"
2669967535,Last Chance,"ARMETIC, JAMES.C, Dianna"
2671518691,That Used to Be Us,"AZËE, JOSS, Josua"
2679304450,Cheerleader (Postcard Remix),postcard
2663723458,醉走林,"BrixSounds, TAKI, 星曳澄空starsciel"
2674216227,Riptide,Speraymer
2674213525,Love For Ya,Speraymer
2674213347,24 forever,Speraymer
2674213230,Bittersweet Now,Speraymer
2666393599,Letter to a Dead Friend,Speraymer
2665770120,Seven Lions-Falling Over Me（Speraymer remix）,Speraymer
2673302984,drowning,shameless.
2679080841,younder,SeyriN
2678183158,We Never Met,Luci
2678181584,Violet Gray,Luci
2678181585,Dead To Me,Luci
2678183156,I Won't Miss You Forever,"Luci, With Løve"
2678920809,Jungle (EMBER Remix),Ember
2679020111,On My Way,Sean Ven
2653334439,I Can Finally Sleep,"Hybrid Noise, b-auu"
2659606985,Stay,"Valorian, Kelsey Ray"
2677235588,Broken Town Remix (Demitri Medina Remix),"Johnny Sidney Davis, Demitri Medina"
2670195450,Call Your Name (feat. Heina Official),"CRaymak, Heina Official"
2653333630,My Own Home,"NUTRICA, NELLY TGM"
2667023758,Say What You Mean,"ROY KNOX, SadBois, afterxheaven, Noah Cunane"
2675667045,Still Traveling,Alibilan
2676820863,星空,"Knight’ Records, Necy"
2673909280,Lost,ITSKI
2670846082,I Am Not Afraid,"Derpcat, Ryleo Goldridge"
2653334322,Fall In Love,Deku
2653334323,Our Fairy Tale,Deku
2672660299,Your Love,Mike Rivera
2675209942,Bleed,"KAMMEO, Outertone"
2675209943,Back To Life,"KAMMEO, Outertone, Ann!hilate"
2675209941,Tales of Deceit,"KAMMEO, Outertone"
2669983664,Til The End,"Awakend, Salvo"
2643509549,Dreams,"Danth, Felix Caso, Shawn O'donnell"
2667386811,Apollo,Aaron Shirk
2671873170,Reality Becomes a Dream,"Mox Jade, Calmseer"
2664029963,Cursed,Shattertech
2674611269,镌刻 (Saturn Remix),"DreamRecD, Echo-I, Saturn, Oops Guess, 星尘纪之声"
2674612231,镌刻 (W.raiNbow Remix),"DreamRecD, Echo-I, W.raiNbow, Oops Guess, 星尘纪之声"
2674611267,镌刻 (TaK-Vin Remix),"DreamRecD, Echo-I, TaK-Vin, Oops Guess, 星尘纪之声"
2655904739,Losing You,Gryxx
2670015388,Voices (feat. Livingston Crain),"DZMA, Livingston Crain"
2672716604,Let It Rain,"Zack Gray, LUVIUM"
2672717531,Let It Rain (Short Version),"Zack Gray, LUVIUM"
2668866807,Stay With Me,"Areeb Mahmood, Greco Ray"
2653772892,Hold Me Back,"Awon, Vodenik, Dani King"
2670383918,In My Head,SVNCTUARY
2670732396,Peace (feat. Meggie York),"ALXNDER, NateRider, HeroWilson, Meggie York"
2670732312,Shattering the Portal,"Celestial Void, Lonehaven, Sydney Grimm"
2670712142,Passenger Seat,"Insko, Amelie Roden"
2671445735,World Alone (feat. Lexi Scatena),"Lockbox, Lexi Scatena"
2676482407,Ocean (feat.Arehlai) (YARVII & 7-60 Remix),"YARVII, 7-60,, JAMES.C, Onism."
2674611268,镌刻 (WilliamHenRy Remix),"DreamRecD, Echo-I, WilliamHenRy, Oops Guess, 星尘纪之声"
2674612230,镌刻 (Z3NONE Remix),"DreamRecD, Echo-I, Z3NONE, Oops Guess, 星尘纪之声"
2660812464,To The Stars,DREAMOIR
2653334936,Out Of My Mind,"LIKI Lee, MHH"
2676998920,剑点浮光破重岚,Vencent
2676945211,Unsteady,"Ambience, Saysha"
2668343913,Closer (Morva Remix),Morva
2663301006,until my last breath,inmari
2662802452,All For Me (Spring Street Remix),"Two Friends, HRVY, Spring Street"
2674315134,It's Mine Now,"SENDIRI, Donna Tella"
2666389886,Die For You,Whales
2676296702,MECHANICAL ANGEL,"PHONO RECORDS, MINNE"
2676686686,Beast Mode,"Renn, Ugly Money"
2676696599,Better Than Heaven (Blanke Flip),"Blanke, SLANDER, Jason Ross, JT Roach"
2676680281,toxic till the end (Vellum Remix),Vellum
2673994321,Lights Down Low,Business Casual
2673993681,sunshine//rain,Business Casual
2653335028,Start Over,AVNG
2652350048,Can't Trust,Mozn
2675299051,Obliviate !,"萤火冷光_ColdLight, _Warpcore_, Tidal Records"
2671924829,Cycles [Slowed + Reverb],"Slowed Star, Swole Sauce, Diana Inez, Stardust"
2667641899,永恒（Eternity）,R3d Cat
2674331259,Lost Vortex（迷失漩涡）,R3d Cat
2674331211,Lost Vortex（迷失漩涡）伴奏,R3d Cat
2675204613,奔向星辰,"R3d Cat, MOSICEN, Ethereal Records"
2676013392,Won't Love Again x Airplanes (SadBois Edit),"Chenda, SadBois, B.o.B, Hayley Williams"
2676013393,Won't Love Again x Closer (CHENDA Edit),Chenda
2672294132,坠梦,Skyfa1ler
2672830551,但我,"Seein碎涧星影, EMAX Sounds Official电子最之声"
2672873356,Smokescreen,Cartelos
2675450727,Nova,吃瓜猫
2668669167,Winter Ocean,"吃瓜猫, 凇可雫Vcm"
2674562787,Goodbye,Nikara Grom
2669289129,Demons（GameArea remix）,Nikara Grom
2673398323,REFØRGE,Kempitone
2653335596,When You're Gone,Lewis Hazlehurst
2675758384,Midnight,Aou
2672932074,Stay,"Luminate, Cvss"
2675127939,Know Your Name (Hidden Axis Remix),"Elephante, Hoang, Halüna, Hidden Axis"
2675127937,All Is Not Lost (Fells Remix),"Elephante, Fells"
2675127936,I Don't Miss You Anymore (JONJEN Remix),"Elephante, JONJEN"
2675127934,Taste of Your Tongue (MVSE Remix),"Elephante, babyidontlikeyou, MVSE"
2675127932,Leave The Ground (TIFFVNYJOY Remix),"Elephante, Amber Liu, TIFFVNYJOY"
2675127931,Don't Turn Back (GONE ASTRAY Remix),"Elephante, Linney, Gone Astray"
2675127930,Say It Like You Mean It (TWLGHT Remix),"Elephante, SABAI, Ridgely, TWLGHT"
2675080500,Say It Like You Mean It (Rareno Remix),Rareno
2674562789,Crave U,SoLush
2674563652,Missing U,SoLush
2671517262,JUST U,xoxodubstep
2637495804,Moments That Will Last,"Courts, Joysic, Axel"
2669712965,Flowers,Joe Koda
2670997256,HOPE (I'LL BE OK!),Drowning Soul
2673125960,Last Goodbye (feat. Linds LaCerte),"Zioz, Linds LaCerte"
2671315131,Statue,LOWERDIE
2671157201,Better Off,WYLDØNE
2669874439,Lost My Love,Danzzle
2653334758,Fractured Moments,JYOTIN
2665812484,Not Okay,Marc Leo
2673745587,Lost My Love (Extended Mix),MXLAN
2659576510,You Broke Me,XIDERA
2665543916,All Of Your Games,XIDERA
2663808423,Make It Last,"Pakto, M2K Records"
2650666998,Disguise,KINGS OF CONFETTI
2667599925,The Kill,"Kozmoz, Micah Martin, Talix"
2660387316,Save Me,Millient
2666485472,Cycles,"OMAS, Medyk"
2666820900,Safe and Sound,"Kendro, Livingston Crain"
2668856204,Do You,Kaivon
2668699552,Fate (命中注定),"STRlighT, DreamRecD"
2666011738,Dawnbringer,King of None
2671016615,Would you be close to me,"LazyMario, Nightcore"
2674537770,轨道上行（《轨道蛆猫》主题曲）,Shaw_Tyan
2672224635,Wait For The Storm,"Z32, Hylia, Arctica"
2673926422,Alaska (feat. Casey Cook) (JerScO Remix),"Trivecta, Casey Cook"
2673926430,Echoes (feat. Stefan PVDS) (Afinity Remix),"Trivecta, Stefan PVDS"
2673926429,All That Ends (feat. Sam Welch) (Last Heroes Remix),"Trivecta, Sam Welch, Last Heroes"
2673926420,From You To Me,Trivecta
2665000753,Forever In Your Eyes,N3WPORT
2669967021,Not This Time,"A-ZAR, Kelsey Ray"
2667177130,I See You,"Dabin, NURKO, Skylar Grey"
2674813405,See You Again (Last Heroes Remix),Last Heroes
2674730348,Alaska (Mxnh Remix),Mxnh
2670351396,Anything You Need,RINY
2668221502,We Rise (Chime Remix),"San Holo, Chime"
2668222472,We Rise (midwxst Remix),"San Holo, midwxst"
2674148901,The Never Land,Rllovx
2674047767,Without Me (DRECHO Remix),DRECHO
2671925497,No One Else [Slowed + Reverb],"Slowed Star, Ericovich, Mordrez, Emily Ronna, Stardust"
2671924814,Who I Became [Sped Up],"Nightcore Star, OZIA, UNDY, Stardust"
2670173408,Cycles [Sped Up],"Nightcore Star, Swole Sauce, Diana Inez, Stardust"
2671925502,Home [Sped Up],"Nightcore Star, Swole Sauce, StaiR, Stardust"
2671925496,The World Is Against Us [Slowed + Reverb],"Slowed Star, PRIYANX, Gemmi, Stardust"
2653335735,Break My Heart,Rhyan
2653334830,Come Back Home,"Zephys, Uwpi"
2673441190,Worlds Apart,"Sean Ven, BlessU"
2658120647,Little Ghost,XAESAR
2673461289,Passion（Ft.Amara）,Clear Sky
2673435905,化作星尘,Akiuta
2673263207,MARCHING TOWARDS THE FUTURE,Akiuta
2673188449,Welcome To The Black Parade (SadBois Edit),"SadBois, My Chemical Romance, Trivecta"
2672922783,dkdndn,Rllovx
2672661454,Gravity,"Sujal, Surojit Kotian"
2672798142,Counting beauty 2021,"Re-HardParty, Rllovx"
2672804521,Childhood,"Frosted, Frostfall Records"
2665967645,Another Day,Solemn
2669945022,Snow Volcano,Benken
2637495629,Chasing Sunsets,"The Kill Romeos, Worlds Apart, Luminity, Jaki Nelson"
2629704947,Statue,Dankidz
2668853312,The End,"MECHANYX, Napoleon Majoran"
2668853313,Fix Me,"MECHANYX, Napoleon Majoran"
2668852691,Salvation,"MECHANYX, Napoleon Majoran"
2653335270,Fading Waves,JYOTIN
2669196307,Hold On Tight,"Nightsirens, Lost Ashes, Yllow"
2668856827,The Other Side,Z3NONE
2668470696,Frontline,Abandoned
2669928378,Rise (Lost Wolves Remix),"MVSE, Casey Cook"
2671807073,If I Stay (feat. Stephanie Schulte),"ROY KNOX, Austin Christopher, Stephanie Schulte"
2657277649,Dear Moon,"WAYWHEN, Vellum"
2670216592,Let Me Be Happy,"Aerrow, Donna Tella"
2666485942,I Miss You,"SABAI, Somna, RUNN"
2672496569,Stop The Clock,"Juicestep, Sean Ven"
2672390336,Innards,acloudyskye
2669814926,Beyond The Light,"Zerror, 星尘纪之声"
2670353101,Against The Wind,Evernorth
2671695109,Euphoria (Pakto Remix),"RILEY420, M2K Records"
2672279341,Time Countercurrent,"青焰-LD, _Warpcore_, LinX·Studio"
2668290404,The Secret,Rezzaie
2672115825,DreamRecD-镌刻 （FRUvian / 3flower remix）,"FRUvian, 3flower"
2672099246,Breaking Down,"FREAKY, Pushing Daizies, MelonRose"
2672099245,Miss This Place,"Pushing Daizies, Hylia"
2672098518,Heart Beats For You,"Pushing Daizies, GLNNA"
2658637855,Better Love,"FIXION, Luma"
2671957918,NEW STAR,"Yogurit, CLXXB, 浩林Hali, 空奈, MagicM1s1a, CannedPig, _Warpcore_, Stisaal, i-Snow"
2671867658,Keep My Secret,Sean Ven
2662514578,Find Our Way,Kaleidos
2653335271,You & I,Bli5s
2668075519,Shelter (STARFELL Remix),"Tark, Owtlet, Starfell"
2670173416,Losing Faith [Slowed + Reverb],"Slowed Star, Rezzaie, H3R∅, Stardust"
2670173407,No One Else [Sped Up],"Nightcore Star, Ericovich, Mordrez, Emily Ronna, Stardust"
2670191940,143,"The_ECERDR, 萧石零"
2671409229,灰白色（Sean Ven Remix）,"泽玥Zeyué, Sean Ven, Aou"
2671149497,Fallin,"Quadrant Shield Music, No-One CN"
2670826550,In The End,"MitiS, AMIDY, Crystal Skies, Linney"
2668400348,Darkcurrent,Vencent
2670109562,Stellar-Whirl,"JYOTIN, Saw2Win"
2670712568,Beyond The Clouds,V3RTEX
2644789382,Into My Eyes,Hevian
2666190955,Language,"Adam Pearce, Gabriel Eli"
2669690524,Just One Touch,Daxnait
2666052072,DOPAMINE++,Juelz
2644789101,That’s You And I,Cyberpunk
2667898856,Memory Box,Soar
2667898855,FOLLOW U,Soar
2637492846,Want U,Falst
2668856451,Lunar Prism (VIP),"JYOTIN, Saw2Win"
2668856450,Ignite,"JYOTIN, Saw2Win"
2664504396,Burn,"PINS3Y, Tyler Jayy"
2651955955,Lost,Tendrix
2669992675,Right Person Wrong Time,"Luci, JVNA"
2668375898,Shadow,"JOSS, Azee, Jamie Wiltshire"
2668375899,Reborn,"JOSS, Emy Smith"
2668375900,Stay Forever,JOSS
2666715887,Change Me,"Aaron Shirk, ary kemler"
2652278028,Closure,Vermilion
2669174981,Wish I Could Forget (Nikademis Remix),"SLANDER, Blackbear, Bring Me the Horizon, Nikademis"
2665812038,Dead To Me,"J4CKO, LostVoic3s, Toryn"
2661389059,Too Late,"laikd, Andrew Serino"
2653772902,After Life,"Cloudy Parallels, Hidden Axis, Meggie York"
2668592769,Better Now (feat. Casey Cook),"Hoang, VLCN, Casey Cook"
2668592772,No Parachute (feat. Daye),"Hoang, Daye"
2668595376,Kids Again (feat. Trella),"Hoang, with love, Trella"
2668592770,Heartstrings (feat. Britt Lari),"Hoang, Britt Lari"
2670083476,Self Titled Tour Edit - Finale,ILLENIUM
2669855078,Dance of the Sidhe,"AiSS, NullTech_PARAMECIUM"
2669856543,星之誓言,"RAI, NullTech_PARAMECIUM"
2669855058,Dance in Slience,"玄虚hollow, NullTech_PARAMECIUM"
2667467900,Into The Clouds,Those Who Fly
2664304866,Still Love You,"RANASOL, Pure 100%"
2664303926,Run,Pure 100%
2668454152,Velaris Gleam,JYOTIN
2670172939,Why Should I [Slowed + Reverb],"Slowed Star, SPIRIT LINK, Stardust"
2670172928,The World Is Against Us [Sped Up],"Nightcore Star, PRIYANX, Gemmi, Stardust"
2670172937,Permanent [Slowed + Reverb],"Slowed Star, LostWind, Donaven, Stardust"
2662073766,Heartbreak Imagine,"Sink Air, _Warpcore_, URVØXYK"
2669137560,Collapse,"ZHQ, 漩涡唱片丨Vortexn Records"
2669135969,Collapsed Illusion,"Fragile Articles, Boxtrap"
2669137552,Expedition,"Hizzy Q, Boxtrap"
2669137562,REACTIVATION,"Nacnce, Arsenic, Virtual Wave, Barxosime, ZHQ, Novaflame Records"
2669135964,Fall Down,"_Warpcore_, LeoMusic-Effect, 漩涡唱片丨Vortexn Records"
2665667406,镌刻,"DreamRecD, Echo-I, Kyrex-_-, Oops Guess, 星尘纪之声"
2660232217,Hoarfrost(In the Snow),Yogurit
2663340051,All Place Behind,"_Warpcore_, Ethereal Records"
2668119333,Dawn(ZAX Remix),"ZAX, ZAX_HaydenXue"
2667555422,Nitrogen (A Piece Of The Desirable Nature),ChiangZJ
2669473566,Resolute,"Artisan, Jay Ocean"
2668663402,Statue,ASHTRO
2664930501,Oblivion (feat. Suzuk.io & $yx),"$iah, Outertone, Suzuk.io, $yx"
2665847564,Wish I Could Forget (William Black Remix),"SLANDER, Bring Me the Horizon, Blackbear, William Black"
2668070310,Zephyr Flare,JYOTIN
2668894311,I Was Wrong,"Frosted, Whallex, Frostfall Records"
2668894310,I Was Wrong - Slowed & Reverb,"Frosted, Whallex, Frostfall Records"
2668893951,I Was Wrong - Sped Up,"Frosted, Whallex, Frostfall Records"
2644788717,Undr My Feet,CLARI7Y
2668612617,Stay,"Jayanth Ak, Max Mayorov, Grauv"
2668356238,Yours Truly (Tendrix Remix),Tendrix
2629159087,Take My Hands,"Tasilev, Emy Smith"
2664438643,Take Us Home,Nexoria
2663392999,Break Me Down,洛岑
2663064818,Overdrive,Rezzaie
2668064834,2024.End,"亚哲大大, UrsusMoko, Miratrix, hlb, Des7ireX, lazyhuman, ブリシルム★, Fanta5T, Yuebai, AUBG, Nightlight, The AREA 13, Anicille, Zipper.Zip, Vocllum, L-Gzj, 觰觰ZhAzHa, DR.L, yonewaka, Zypex, Alterico, GUMI"
2661871977,Live and Die (feat. TIFFVNYJOY) (CHPTR. Remix),"kyootbot, 9 Worlds, CHPTR., TIFFVNYJOY"
2667840424,Break Me,"JOSS, Lexi Scatena"
2654936497,All I Want,Gryxx
2668676006,The Midnight(Ft.Luna),Clear Sky
2667819376,Echoes in the Dark,JYOTIN
2667818150,Dawnchaser,JYOTIN
2667819377,Crystal Echoes,JYOTIN
2667818152,Crystal Echoes (VIP),JYOTIN
2659633444,The Love We Had,"ARMNHMR, Trella"
2664118920,It's raining outside,TRANICI
2663704939,Avalanche,"Neal Datta, Robbie Rosen"
2660998990,Just For A Moment (feat. Sāde Frame),"Lockbox, Sade Frame"
2668003373,Mất Kết Nối (RyUkai & HungNgo Melodic Dubstep Bootleg),"RyUkai, HungNgo"
2665218276,Why Should I [Sped Up],"Nightcore Star, SPIRIT LINK, Stardust"
2665218274,Permanent [Sped Up],"Nightcore Star, LostWind, Donaven, Stardust"
2667552702,Brahma,Rllovx
2663067298,World Burn,"Bllaine, Violyt"
2667494094,Run Away,Sean Ven
2667323549,Take Me Home（Ft.Ella）,Clear Sky
2667257265,Song for all,Layzzz
2657172791,Wherever I Go (Remix),"nuves, Jacob, Sara Paige"
2666632952,Miracal,"PAQII, Calm Sounds"
2665649192,Let Go,3eo
2628966564,You Were The One,"Skies Apart, AudioKid, Jenine"
2644789293,With Me,Flowless
2666114550,lights down low,"Knock2, RemK, XAELO"
2661488558,Missing Us,"Roha, Jaime Deraz"
2661855803,Alone,"StellarHD, Lexder"
2664179876,Waiting For You (8D Audio),"8D To The Moon, 8D Audio, 8D Tunes, Tom Platts, Hannah Paige"
2666376329,Stay,Rezzaie
2658417737,Well I Guess Change,"Yinger Liam, SADRECORDS"
2662553986,Someone Not Mine (HEINEM Remix),"Tyler Jayy, HEINEM"
2652583365,Won't Love Again,"Chenda, SadBois"
2657349940,Back For You,"Danny Olson, David Frank"
2665721458,Aurora Cascade,"JYOTIN, Saw2Win"
2665721459,Crstalleve,"JYOTIN, Saw2Win"
2665721460,Midnight Recording,"JYOTIN, Saw2Win"
2659633442,Money,"Slushii, 孝渊 (HYO)"
2659187881,Who's Haunting You?,"Puppet, Distant"
2661053145,Lose Feelings (feat. Luma),"Brennan Wolf, Luma"
2644788601,Help Me Out (feat. Zeyué),"Alex Cordon, Karie Zhou, 泽玥Zeyué"
2663809206,Before I Drown (feat. LANDON),"Lunastorm, Outertone, LANDON."
2665211029,Waiting,No-One CN
2664869538,Lightning Moment (Melodic Dubstep Remix),chickenshout
2644789335,Etherium,Lunastorm
2662311700,Bring Me To Life,"Domi, JAMES.C"
2662327402,RIOTS,"JYOTIN, Dharā"
2644789405,Craving,Secret Skies
2644789643,Vortexia,JYOTIN
2654738474,Enchained,"JOSS, Felyne, Saysha"
2658403066,Stargazing,"DJJonathan, GD Cookie, DJ Joker L, SADRECORDS"
2658978072,Higher,"Woyfer, Donna Tella"
2647927474,Besides Hope,Miles Away
2655302382,Waiting For You (Nightcore),"Nightcore To The Moon, Tom Platts, Hannah Paige"
2628966547,Lose Myself,"Tom Platts, ADROIT, Violyt"
2652996005,Dream Of U,"Hex Cougar, Malixe"
2652996003,Oxytocin,Hex Cougar
2652997262,Eyes,"Hex Cougar, Fate"
2664365392,Nightfall,Galena Crew
2608642146,"Sugar, We're Goin Down","Fairlane, Social Repose"
2664365391,Better Off This Way,"Cloudy Parallels, Complexive, zhou"
2657916912,Duckstep,"Teminite, Chime"
2654072586,In My Heart,"CHPTR., Strigi, Wolfpup"
2660405375,"Magic Mirror (Dawn of Apples, Hexsyre Remix)","Desx, Zef Parisoto"
2644788699,Never,Philip Anticca
2663672632,Alone,Sean Ven
2651213181,Chasing Stars,"LazyMario, FreeMusicWave"
2663613473,Comets Crashing,"Acer Vantes, Call Me Keller"
2644789333,"I Miss You, I Love You","Doctor Neiman, Jenny Chapin"
2663504889,伤痕,天幕Tiam
2654664331,Haven,3cho
2653449695,DRIVE,"KOIH, Sierra Annie"
2656272325,Fall Through,Owtlet
2648387933,Out of Time,"Terris, Zhiko"
2658443996,Without You,Joe Koda
2662399936,Words,"HASHBBC, ACHINX"
2662446830,Motionless,Nostalgiq
2658530635,Insane,Rezzaie
2657967811,Sands of Time (King Of None Remix),"Mox Jade, King of None"
2653684782,Halo,"Flöte, Gracie Van Brunt"
2643849869,Heartless,WAYWHEN
2653901560,Castaways,"AB5YNTH, Sydney Grimm"
2644792893,Beg You To Stay,"Blue Violets, Ali Schwartz, Euphoria"
